﻿{
    "ver":"5.0",
    "tag":"hipsuser",
    "data":[
        {
            "id":6,
            "power":0,
            "name":"访客模式 v.2.4",
            "procname":"*",
            "treatment":3,
            "policies":[
                {
                    "montype":0,
                    "action_type":16,
                    "res_path":"C:\\Windows\\ImmersiveControlPanel\\SystemSettings.exe"
                },
                {
                    "montype":0,
                    "action_type":16,
                    "res_path":"C:\\Windows\\System32\\uReFS.dll"
                },
                {
                    "montype":1,
                    "action_type":2,
                    "res_path":"C:\\Windows\\System32\\uReFS.dll"
                },
                {
                    "montype":0,
                    "action_type":16,
                    "res_path":"C:\\Windows\\System32\\uReFSv1.dll"
                },
                {
                    "montype":1,
                    "action_type":2,
                    "res_path":"C:\\Windows\\System32\\uReFSv1.dll"
                },
                {
                    "montype":0,
                    "action_type":16,
                    "res_path":"C:\\Windows\\System32\\untfs.dll"
                },
                {
                    "montype":1,
                    "action_type":2,
                    "res_path":"C:\\Windows\\System32\\untfs.dll"
                },
                {
                    "montype":0,
                    "action_type":16,
                    "res_path":"C:\\Windows\\System32\\ufat.dll"
                },
                {
                    "montype":1,
                    "action_type":2,
                    "res_path":"C:\\Windows\\System32\\ufat.dll"
                },
                {
                    "montype":0,
                    "action_type":16,
                    "res_path":"C:\\Windows\\System32\\uexfat.dll"
                },
                {
                    "montype":1,
                    "action_type":2,
                    "res_path":"C:\\Windows\\System32\\uexfat.dll"
                },
                {
                    "montype":1,
                    "action_type":9,
                    "res_path":"C:\\Program Files\\*\\*"
                },
                {
                    "montype":1,
                    "action_type":9,
                    "res_path":"C:\\Program Files (x86)\\*\\*"
                },
                {
                    "montype":1,
                    "action_type":9,
                    "res_path":"C:\\Program Files\\*\\*\\*"
                },
                {
                    "montype":1,
                    "action_type":9,
                    "res_path":"C:\\Program Files (x86)\\*\\*\\*"
                },
                {
                    "montype":1,
                    "action_type":9,
                    "res_path":"C:\\Program Files (x86)\\*"
                },
                {
                    "montype":1,
                    "action_type":9,
                    "res_path":"C:\\Program Files\\*"
                },
                {
                    "montype":1,
                    "action_type":8,
                    "res_path":"*\\Desktop*"
                },
                {
                    "montype":0,
                    "action_type":16,
                    "res_path":"C:\\Windows\\System32\\CompMgmtLauncher*"
                },
                {
                    "montype":1,
                    "action_type":2,
                    "res_path":"C:\\Windows\\System32\\CompMgmtLauncher*"
                },
                {
                    "montype":0,
                    "action_type":16,
                    "res_path":"*\\cmd*"
                },
                {
                    "montype":1,
                    "action_type":2,
                    "res_path":"*\\cmd*"
                },
                {
                    "montype":0,
                    "action_type":16,
                    "res_path":"*\\powershell*"
                },
                {
                    "montype":1,
                    "action_type":2,
                    "res_path":"*\\powershell*"
                },
                {
                    "montype":0,
                    "action_type":16,
                    "res_path":"C:\\Windows\\System32\\mmc.exe"
                },
                {
                    "montype":1,
                    "action_type":2,
                    "res_path":"C:\\Windows\\System32\\mmc.exe"
                },
                {
                    "montype":0,
                    "action_type":16,
                    "res_path":"C:\\Windows\\regedit.exe"
                },
                {
                    "montype":1,
                    "action_type":2,
                    "res_path":"C:\\Windows\\regedit.exe"
                },
                {
                    "montype":0,
                    "action_type":16,
                    "res_path":"*\\Huorong\\Sysdiag\\bin\\HRSword.exe"
                },
                {
                    "montype":1,
                    "action_type":2,
                    "res_path":"*\\Huorong\\Sysdiag\\bin\\HRSword.exe"
                },
                {
                    "montype":0,
                    "action_type":16,
                    "res_path":"*\\Huorong\\Sysdiag\\bin\\RightClickMan.exe"
                },
                {
                    "montype":1,
                    "action_type":2,
                    "res_path":"*\\Huorong\\Sysdiag\\bin\\RightClickMan.exe"
                },
                {
                    "montype":0,
                    "action_type":16,
                    "res_path":"*\\Huorong\\Sysdiag\\bin\\PopBlock.exe"
                },
                {
                    "montype":1,
                    "action_type":2,
                    "res_path":"*\\Huorong\\Sysdiag\\bin\\PopBlock.exe"
                },
                {
                    "montype":0,
                    "action_type":16,
                    "res_path":"*\\Huorong\\Sysdiag\\bin\\NetFlow.exe"
                },
                {
                    "montype":1,
                    "action_type":2,
                    "res_path":"*\\Huorong\\Sysdiag\\bin\\NetFlow.exe"
                },
                {
                    "montype":0,
                    "action_type":16,
                    "res_path":"*\\Huorong\\Sysdiag\\bin\\FileShred.exe"
                },
                {
                    "montype":1,
                    "action_type":2,
                    "res_path":"*\\Huorong\\Sysdiag\\bin\\FileShred.exe"
                },
                {
                    "montype":0,
                    "action_type":16,
                    "res_path":"*\\Huorong\\Sysdiag\\bin\\Autoruns.exe"
                },
                {
                    "montype":1,
                    "action_type":2,
                    "res_path":"*\\Huorong\\Sysdiag\\bin\\Autoruns.exe"
                },
                {
                    "montype":1,
                    "action_type":9,
                    "res_path":"C:\\>"
                },
                {
                    "montype":0,
                    "action_type":16,
                    "res_path":"C:\\Program Files\\NVIDIA Corporation\\Control Panel Client\\nvcplui.exe"
                },
                {
                    "montype":1,
                    "action_type":2,
                    "res_path":"C:\\Program Files\\NVIDIA Corporation\\Control Panel Client\\nvcplui.exe"
                },
                {
                    "montype":0,
                    "action_type":16,
                    "res_path":"C:\\Windows\\System32\\DriverStore\\FileRepository\\*\\Gfx*"
                },
                {
                    "montype":1,
                    "action_type":2,
                    "res_path":"C:\\Windows\\System32\\DriverStore\\FileRepository\\*\\Gfx*"
                },
                {
                    "montype":1,
                    "action_type":5,
                    "res_path":"*\\*.exe"
                },
                {
                    "montype":1,
                    "action_type":14,
                    "res_path":"*\\Huorong\\*\\*\\*"
                },
                {
                    "montype":1,
                    "action_type":14,
                    "res_path":"*\\uninst.exe"
                },
                {
                    "montype":1,
                    "action_type":13,
                    "res_path":"C:\\Windows\\System32\\drivers\\etc\\hosts"
                },
                {
                    "montype":2,
                    "action_type":13,
                    "res_path":"HKEY_LOCAL_MACHINE\\SOFTWARE\\Microsoft\\Windows NT\\CurrentVersion\\Winlogon\\SpecialAccounts\\UserList*Administrator*"
                },
                {
                    "montype":2,
                    "action_type":13,
                    "res_path":"HKEY_LOCAL_MACHINE\\SAM*\\Domain\\name*Administrator*"
                },
                {
                    "montype":2,
                    "action_type":15,
                    "res_path":"HKEY_CLASSES_ROOT\\*\\shell\\runas*"
                },
                {
                    "montype":2,
                    "action_type":15,
                    "res_path":"HKEY_CLASSES_ROOT\\exefile\\shell\\runas*"
                },
                {
                    "montype":2,
                    "action_type":15,
                    "res_path":"HKEY_CLASSES_ROOT\\Directory\\shell\\runas*"
                },
                {
                    "montype":2,
                    "action_type":15,
                    "res_path":"HKEY_LOCAL_MACHINE\\SOFTWARE\\Microsoft\\Windows\\CurrentVersion\\Policies\\System\\FilterAdministratorToken*"
                },
                {
                    "montype":2,
                    "action_type":15,
                    "res_path":"HKEY_LOCAL_MACHINE\\Software\\Microsoft\\Windows\\CurrentVersion\\Policies\\System\\EnableLUA*"
                },
                {
                    "montype":1,
                    "action_type":6,
                    "res_path":"*\\control.exe"
                },
                {
                    "montype":0,
                    "action_type":16,
                    "res_path":"*\\control.exe"
                },
                {
                    "montype":1,
                    "action_type":7,
                    "res_path":"*\\ScanPartition.dll"
                },
                {
                    "montype":1,
                    "action_type":1,
                    "res_path":"*/ampa.*"
                },
                {
                    "montype":1,
                    "action_type":1,
                    "res_path":"*\\*.bat"
                },
                {
                    "montype":1,
                    "action_type":1,
                    "res_path":"*\\*.vbs"
                },
                {
                    "montype":1,
                    "action_type":1,
                    "res_path":"*\\*.cmd"
                },
                {
                    "montype":1,
                    "action_type":8,
                    "res_path":"*\\桌面*"
                },
                {
                    "montype":1,
                    "action_type":1,
                    "res_path":"C:\\Users\\*\\AppData\\Local\\Temp\\*"
                }
            ]
        }
    ]
}